Metric,Decision_Tree,TabNet
Accuracy,0.9977376463584045,0.9946814844215122
Precision,0.9978667121768069,0.9952153110047847
Recall,0.9972710216612656,0.9933481152993349
F1_Score,0.9975687779910428,0.9942808365343576
ROC_AUC,0.9977925760934259,0.9997224534916326
